Name,Email,PhoneNumber
Liam Foster,liam.foster@email.com,1762345601
Zoe Bennett,zoe.bennett@email.com,1762345602
Ravi Patel,ravi.patel@email.com,1762345603
Nadia Kowalski,nadia.kowalski@email.com,1762345604
Tom Alexander,tom.alexander@email.com,1762345605
Chloe Bergeron,chloe.bergeron@email.com,1762345606
Diego Fernandez,diego.fernandez@email.com,1762345607
Grace Whitfield,grace.whitfield@email.com,1762345608
Hiro Nakamura,hiro.nakamura@email.com,1762345609
Amara Okafor,amara.okafor@email.com,1762345610
Felix Lindqvist,felix.lindqvist@email.com,1762345611
Priya Sharma,priya.sharma@email.com,1762345612
Owen McAllister,owen.mcallister@email.com,1762345613
Ines Moreau,ines.moreau@email.com,1762345614
Sebastian Wolf,sebastian.wolf@email.com,1762345615
Talia Nguyen,talia.nguyen@email.com,1762345616
Bruno Silva,bruno.silva@email.com,1762345617
Freya Larsen,freya.larsen@email.com,1762345618
Adrian Kowalczyk,adrian.kowalczyk@email.com,1762345619
Layla Haddad,layla.haddad@email.com,1762345620
